id,name,description,image,location,stage,industry,subindustry,website
0,ABOVE POTENTIAL,"Accountability Coach for entrepreneurs, creatives and executives to activate their untapped potential and stop procrastination.
Stop Procrastinating. Start Producing. Double Productivity.",https://res.cloudinary.com/sblink/w_64/f5ttbnhdhjzcsofeuwva,"London, United Kingdom",Idea/MVP/Beta,Social & Leisure,Communities,https://www.abovepotential.com/
4,Rover,"Whether you need in-home dog boarding, pet sitting, dog walking, or day care, Rover connects pet parents with pet care providers who&rsquo;ll treat their pets like family.",https://res.cloudinary.com/crunchbase-production/image/upload/v1473108712/eppdxefpeu3t9qasedl1.jpg,"London, United Kingdom",Idea/MVP/Beta,Software and Data,Apps,https://www.rover.com/uk/
5,MillTechFX by Millennium Global,"MillTechFX by Millennium Global is the FinTech affiliate of Millennium Global Investments, one of the largest specialist currency managers established in 1994. Our independent multi-bank currency solution helps 
Businesses significantly reduce FX costs.",https://res.cloudinary.com/sblink/w_64/dxgtijdspyuofw3uzvp7,"London, United Kingdom",Idea/MVP/Beta,Fintech,Financial Services,https://milltechfx.com/
6,RankedRight,"RankedRight is the triage tool that automatically ranks vulnerabilities based on rules you set, factoring in what's critical to your business and delegating it to the most appropriate person to resolve. Spend less time on vulnerability admin &amp; more time keeping your company safe.",https://res.cloudinary.com/sblink/w_64/6c7f799c03f5fda4a4f5e1b7564a54f4,"London, United Kingdom",Idea/MVP/Beta,Software and Data,Cybersecurity,https://www.rankedright.com
8,IG Group,"IG empowers informed, decisive, adventurous people to access opportunities in financial markets. We&rsquo;re the No.1 provider of CFDs worldwide, with operations in 16 countries. We give investors leveraged access to over 16,000 financial markets through our award-winning dealing platform and mobile apps.",https://res.cloudinary.com/crunchbase-production/image/upload/v1474446925/wsauzvbqcylfelg0f2ae.png,"London, United Kingdom",Generating Revenues and Scaling,Fintech,Fintech-Other,https://www.iggroup.com/
9,telbee,"telbee adds voice messaging to websites, social media, podcasts, email and more to build human relationships with your customers, visitors and community. Save time, reduce frustration, and gain sales, understanding and fans",https://res.cloudinary.com/sblink/w_64/ssejv3mdymxdcfefnmbp,"London, United Kingdom",Idea/MVP/Beta,Software and Data,SaaS,https://www.telbee.io/
10,SEO Ranking Checker,SEO Ranking Checker helps to identify your SEO problems and optimize your web pages for a better search engine rankings.,https://res.cloudinary.com/sblink/w_64/stedkkdg8ng0f7rwzhba,"London, United Kingdom",Idea/MVP/Beta,Software and Data,Data Analytics,https://seorankingchecker.com
11,Tutorfair,"Find and book a local or online tutor with Tutorfair. Search for local tutors by subject, level and your postcode. Tutorfair will show you search results with the top rated tutors at the top.",https://res.cloudinary.com/sblink/w_64/6a5a9f76d677f4352486642ec7df9108,"London, United Kingdom",Generating Revenues and Scaling,Education,Edtech,https://www.tutorfair.com
12,Flutter,"Chrome extension for Tinder helping its users have better conversations with their matches. Lines, openers, conversation tips straight into Tinder web.",https://res.cloudinary.com/sblink/w_64/ugufo9l24uaxgpldyemu,"London, United Kingdom",Idea/MVP/Beta,Social & Leisure,Social Media,http://tipstips.tips
14,Heron Data,We categorise and label bank transaction data.,https://res.cloudinary.com/crunchbase-production/image/upload/zg6bwgcq6umuxj8klw4t,"London, United Kingdom",No information,Fintech,Fintech-Other,http://www.herondata.io
16,Epidem,Contact tracing software that helps organisations stop coronavirus by identifying exposed employees and their contacts.,https://res.cloudinary.com/crunchbase-production/image/upload/xzltlc1wllyhocqopsgo,"London, United Kingdom",No information,Software and Data,Software,https://epidem.co/
18,Riff,Riff is a voice-first chat tool for teams to communicate when working remotely.,https://res.cloudinary.com/crunchbase-production/image/upload/dlug3wsvcs8gd8icxtkt,"London, United Kingdom",No information,Software and Data,Enterprise Technology,https://getriff.co/
19,Excite Foundry,Data-driven digital brands aggregator,https://res.cloudinary.com/crunchbase-production/image/upload/uvl39djxkjgh1uods04m,"London, United Kingdom",No information,Ecommerce & Retail,Ecommerce,https://www.excitefoundry.com
20,Maven Screen Media.,"Maven Screen Media is a private media and entertainment development, production, and advisory company.",https://res.cloudinary.com/crunchbase-production/image/upload/eyqiajrmyzi2qj7g92sv,"London, United Kingdom",No information,Social & Leisure,Entertainment,https://www.mavenscreenmedia.com/
21,Karnak,An industrial manufacturing company,https://res.cloudinary.com/crunchbase-production/image/upload/hlu0r3vc5k4btxqstlli,"London, United Kingdom",No information,Hardware & IoT,Manufacturing,https://karnakholding.com
22,Domboard,Domain name monitoring platform,https://res.cloudinary.com/crunchbase-production/image/upload/h0gz5ecgzoffyhtpd35a,"London, United Kingdom",No information,Software and Data,Web Development,https://domboard.com
23,Atmen,Digital Bank or Financial Services,https://res.cloudinary.com/crunchbase-production/image/upload/ucl98lzyvacpw872kqlf,"London, United Kingdom",No information,Fintech,Online Banking,https://www.myatmen.com/
24,EnVsion,Deep video intelligence. Retrieve content that matters from hours of videos in seconds.,https://res.cloudinary.com/crunchbase-production/image/upload/vva9aefsdsrsbxt8gxno,"London, United Kingdom",No information,Software and Data,Artificial Intelligence,https://envsion.io
25,MATH++,MATH++ is an Internet education platform company .,https://res.cloudinary.com/crunchbase-production/image/upload/jxhhzxss0j83lxfexubq,"Beijing, China",No information,Education,Edtech,https://www.mathjia.cn/
26,Hina,Hina is a recruitment management system that helps to manage the recruitment process of candidates.,https://res.cloudinary.com/crunchbase-production/image/upload/4cf2a268cfef9d31246b,"Beijing, China",No information,Software and Data,Apps,https://www.hinapower.cn/
27,Anxinsec,Anxinsec is the first technical service provider in China to protect enterprise host security based on virtualization technology.,https://res.cloudinary.com/crunchbase-production/image/upload/f6elttipb1yitzci8a37,"Beijing, China",No information,Software and Data,Cybersecurity,https://www.anxinsec.com
28,AToken,The main product &lsquo;AToken&rsquo; is the first mobile wallet app which supports multiple coins and fast shift of coins in China.,https://res.cloudinary.com/crunchbase-production/image/upload/qysw9admxyd2wyacdct1,"Beijing, China",No information,Software and Data,Apps,https://www.atoken.com/
29,Laguo,"Laguo.com is an online, vertical recruitment platform.",https://res.cloudinary.com/crunchbase-production/image/upload/v1408692495/vbbt1ubz2ivmy196ciyf.png,"Beijing, China",No information,Software and Data,Enterprise Technology,http://laguo.com/
30,CHAINDIGG,Zhifan Tech is a service provider of blockchain big data analysis platform dedicated to enabling everyone to benefit ...,https://res.cloudinary.com/crunchbase-production/image/upload/xqsuarv3umssx9fgcy53,"Beijing, China",No information,Software and Data,Data Analytics,https://www.chaindigg.cn/
31,mayun.cn,mayun.cn is a mobile online trading platform for artworks.,https://res.cloudinary.com/crunchbase-production/image/upload/c32c3972d181030cad9b,"Beijing, China",No information,Social & Leisure,Arts,http://www.mayun.cn/
32,Shenshang Keji,Shenshang Keji offers AI solutions in the fashion industry.,https://res.cloudinary.com/crunchbase-production/image/upload/1bb315a0e1f7cf27476c,"Beijing, China",No information,Hardware & IoT,3D Printing,http://www.shenshangtech.com/
33,Qinglei Technology,Qinglei Technology is a radar sensing technology startup.,https://res.cloudinary.com/crunchbase-production/image/upload/kmk3sp6dwfavihhkql9i,"Beijing, China",No information,Hardware & IoT,Hardware & IoT-Other,https://www.qingleitech.com/
34,Tangbei,Tangbei is a video dating platform to share short video.,https://res.cloudinary.com/crunchbase-production/image/upload/30b8fc67e911ff67f907,"Beijing, China",No information,Social & Leisure,Social & Leisure-Other,http://www.tbok.com
36,Liangzi Xiangsu,Liangzi Xiangsu is an online marketplace for food and beverage.,https://res.cloudinary.com/crunchbase-production/image/upload/dc669e96550c68143032,"Beijing, China",No information,Ecommerce & Retail,Ecommerce,http://www.milinzone.com/
37,Xingshi,Xingshi is a stranger social media platform application.,https://res.cloudinary.com/crunchbase-production/image/upload/4e49dfa07a9181efcadf,"Beijing, China",No information,Software and Data,Apps,http://www.cijianlink.com/
38,Huabao Technology,Huabao Technology is an IOT smart device and ultra low power system developer,https://res.cloudinary.com/crunchbase-production/image/upload/hlfgjchgzqln0slgf1z8,"Beijing, China",No information,Software and Data,Enterprise Technology,http://www.baos.cn/
39,JD Health,JD Health is an e-commerce platform for pharmaceutical products.,https://res.cloudinary.com/crunchbase-production/image/upload/llsggxqoncgeiyu3nua6,"Beijing, China",No information,Ecommerce & Retail,Ecommerce,https://health.jd.com/
40,NeuralGalaxy,NeuralGalaxy is a brain science company which is devoted to solve brain disorders.,https://res.cloudinary.com/crunchbase-production/image/upload/yicrekuhotuq1ejnpk9p,"Beijing, China",No information,Health,Health Care,https://www.neuralgalaxy.com/
42,SEVEN,"SEVEN provides content marketing, brand upgrade and belt transformation services.",https://res.cloudinary.com/crunchbase-production/image/upload/e147418bc9be2fde6ed3,"Beijing, China",No information,Marketing & Sales,Adtech,http://www.seventailstech.com/
43,WeLink,"WeLink is B2B company that specializes in social data & social discovery with the following products.

WeLink Social - Process social media data by geo-location, time, keywords, emails, and social channels in a format that is easy to understand and manage. Achieve realtime social customer service like never before.

WeLink Community - Engage and retain your app users. With a couple of lines of code, integrate a private social community into any mobile or web app. Develop a 'truly social' app quickly and cost effectively.

WeLink Wall
Bring your media station to life with WeLink Wall. Our scrolling display provides real time pictures and tweets via location, keywords, and hashtags. Monetize and get detailed info on your customers.",https://res.cloudinary.com/crunchbase-production/image/upload/v1397190845/68cd613a122ddbf3612b5d68602c8c22.jpg,"San Jose, United States",No information,Social & Leisure,Social Media,http://www.welink.com/
44,SpiderStore,SpiderStore is a blockchain application platform.,https://res.cloudinary.com/crunchbase-production/image/upload/t0ox5j45clv7bpgy5h7l,"Beijing, China",No information,Software and Data,Apps,https://www.spider.store/
45,Seehome,Seehome is an artificial intelligence home design platform,https://res.cloudinary.com/crunchbase-production/image/upload/cbtjgnbdfvukgww2tv5u,"Beijing, China",No information,Software and Data,Artificial Intelligence,https://seehome.cn/
46,Mabaoying,Mabaoying is an overseas intermediary service provider for kindergartens.,https://res.cloudinary.com/crunchbase-production/image/upload/hfaz7ldvhfrgpsluediw,"Beijing, China",No information,Education,Education-Other,http://www.mabaoying.cn/
47,WXY,PR service firm for blockchain,https://res.cloudinary.com/crunchbase-production/image/upload/jrbsimhdzfoegejhd2pw,"Beijing, China",No information,Fintech,Cryptocurrency,https://www.wxycon.com/
49,Huiyizhuo,Huiyizhuo is an online visual team collaboration tool.,https://res.cloudinary.com/crunchbase-production/image/upload/salav6am4hprmniqks7b,"Beijing, China",No information,Software and Data,Enterprise Technology,https://www.huiyizhuo.com/
50,Lightlytics,Deploy &amp; run cloud infrastructure with confidence.,https://res.cloudinary.com/crunchbase-production/image/upload/rlxtizgvlspacsfg9m8z,"Tel Aviv-Yafo, Israel",No information,Software and Data,Cloud,https://www.lightlytics.com
51,clickto.,Platform for managing and running virtual programs,https://res.cloudinary.com/crunchbase-production/image/upload/zjcqurhum7hshvoxe2sv,"Tel Aviv-Yafo, Israel",No information,Social & Leisure,Entertainment,https://clickto.live
52,LittleOne.Care,"Personalized App &amp; tools to recognize the baby&rsquo;s reason for crying, and improve their safety, wellbeing, development and happiness.",https://res.cloudinary.com/crunchbase-production/image/upload/efug3tqww1m6fxjxl6o4,"Tel Aviv-Yafo, Israel",No information,Social & Leisure,Communities,https://www.littleone.care/
53,Classiq Technologies,Enabling Development Of Quantum Algorithms,https://res.cloudinary.com/crunchbase-production/image/upload/kkfbz70bet0un8knklom,"Tel Aviv-Yafo, Israel",No information,Software and Data,Artificial Intelligence,https://www.classiq.io/
54,INCRMNTAL,INCRMNTAL is an incrementality testing software for the post IDFA/GAID world.,https://res.cloudinary.com/crunchbase-production/image/upload/na6rujhbpnsjnrs06e0f,"Tel Aviv-Yafo, Israel",No information,Marketing & Sales,Adtech,https://www.incrmntal.com
56,Suridata.ai,Suridata.ai specializes in helping organizations gain visibility and obtain control over their sensitive data,https://res.cloudinary.com/crunchbase-production/image/upload/pssfbyxldsoyba2ai5vg,"Tel Aviv-Yafo, Israel",No information,Software and Data,Artificial Intelligence,https://www.suridata.ai
57,Adaptive Shield,Adaptive Shield is a developer of a security posture management platform used to help businesses manage their cloud services.,https://res.cloudinary.com/crunchbase-production/image/upload/nnhrstvxsppikefeqsqi,"Tel Aviv-Yafo, Israel",No information,Software and Data,Enterprise Technology,https://www.adaptive-shield.com/
59,Mitiga,Reshaping Breach Readiness and Response in the Cloud,https://res.cloudinary.com/crunchbase-production/image/upload/dy8j6ef5cf4sjzv4sfje,"Tel Aviv-Yafo, Israel",No information,Software and Data,Cloud,https://www.mitiga.io
60,Magico,An Apple Watch app that allows you to control your TV with simple hand gestures.,https://res.cloudinary.com/crunchbase-production/image/upload/fi9ldi0wxbis2j1iyg3v,"Tel Aviv-Yafo, Israel",No information,Software and Data,Software,https://www.magico.ai/
61,Substrata,Innovative Social Signal Processing Technology to Fuel the Business World of Tomorrow,https://res.cloudinary.com/crunchbase-production/image/upload/lonczyc5kxigf4vkqhye,"Tel Aviv-Yafo, Israel",No information,Software and Data,Artificial Intelligence,https://substrata.me/
62,F4NTEC,F4NTEC Simplifies Fan Merchandise Commerce for IP&rsquo;S,https://res.cloudinary.com/crunchbase-production/image/upload/t4f1ykyvqdlgxlrrh7i6,"Tel Aviv-Yafo, Israel",No information,Ecommerce & Retail,Ecommerce,http://f4ntec.com/
63,Clanz,"Pioneering, audio-based solution to detect increased risk of maltreatment of vulnerable, helpless individuals.",https://res.cloudinary.com/crunchbase-production/image/upload/zgscw9mhj755bpslmrym,"Tel Aviv-Yafo, Israel",No information,Social & Leisure,Communities,http://clanz.io
65,Satori Cyber,"Satori Cyber provides data-flow visibility with transparent, secure &amp; compliant data access across all data stores.",https://res.cloudinary.com/crunchbase-production/image/upload/ieeolphs3qngbwfzc7dh,"Tel Aviv-Yafo, Israel",No information,Software and Data,Cloud,https://satoricyber.com/
66,Squadded,Squadded is a social e-commerce solution that makes shopping together an online experience to improve engagement and conversion.,https://res.cloudinary.com/crunchbase-production/image/upload/bpgjiwuwng8sgabfn4yg,"Tel Aviv-Yafo, Israel",No information,Software and Data,Apps,https://www.squadded.co/
67,Scalez,Conversational AI Platforms for Personalized Expert Advice Experiences,https://res.cloudinary.com/crunchbase-production/image/upload/vhn4t5iaft9kbq6wbeql,"Tel Aviv-Yafo, Israel",No information,Software and Data,Artificial Intelligence,http://www.scalez.ai
68,Cycode,"The first source code control, detection, and response solution for visibility and protection across code repositories.",https://res.cloudinary.com/crunchbase-production/image/upload/h0stpqffuaoyhvgruu5r,"Tel Aviv-Yafo, Israel",No information,Software and Data,Cybersecurity,https://cycode.com/
70,CareerLab,AI-driven talent sourcing &amp; career development platform,https://res.cloudinary.com/crunchbase-production/image/upload/rat0mfcnxlidswj323a2,"Tel Aviv-Yafo, Israel",No information,Software and Data,Enterprise Technology,https://jobplanner.co.il
71,Arti.tv,"Arti.tv is a cloud-based solution that gives online storytellers the opportunity to create, design, and deliver augmented-reality stories.",https://res.cloudinary.com/crunchbase-production/image/upload/lcodd5a0grwhinzkct4x,"Tel Aviv-Yafo, Israel",No information,Software and Data,VR/AR,https://www.arti.tv
72,Cyolo,Cyolo provides ID access control to connect with cyberspace in a single SaaS solution.,https://res.cloudinary.com/crunchbase-production/image/upload/urpembkgdxndwt0clwfl,"Tel Aviv-Yafo, Israel",No information,Software and Data,Cybersecurity,https://cyolo.co/
73,bamya,A management software for food entrepreneurs from all over the world.,https://res.cloudinary.com/crunchbase-production/image/upload/oqqr1oufddtfgjoaesq6,"Tel Aviv-Yafo, Israel",No information,Software and Data,SaaS,https://bamya.io
75,TechBehemoths,"TechBehemoths is the most innovative platform to connect Projects with reputable IT Companies. It simplifies your efforts in finding the best matching and efficient IT companies, regardless of their location and size, in a matter of minutes. Effortless and with fun.",https://res.cloudinary.com/sblink/w_64/lbf1jm8zjqp3jesrrwzk,"Berlin, Germany",Idea/MVP/Beta,Social & Leisure,Communities,https://techbehemoths.com/
76,TextCortex AI,"TextCortex AI writes your Product Descriptions in 3 seconds. All it needs is the product title and the category of the product that you are selling. After this information is given, TextCortex generates 5 different options to choose from.",https://res.cloudinary.com/sblink/w_64/h9oubv3l6gttp4apslbu,"Berlin, Germany",Idea/MVP/Beta,Software and Data,Software,https://app.textcortex.com
77,QUIN,QUIN is a developer of technology-based system used in specializing algorithmic investment consulting.,https://res.cloudinary.com/crunchbase-production/image/upload/pmzdnwjluzq66ofv5m8b,"Berlin, Germany",No information,Fintech,Financial Services,https://www.getquin.com/
78,HYRE,HYRE enables top talents and firms to work together flexibly and on-demand through technology and powerful matching algorithms,https://res.cloudinary.com/crunchbase-production/image/upload/kt0ipsryzpzbr4hq7fzy,"Berlin, Germany",No information,Education,Education-Other,https://hyretalents.com/
79,Amie,The joyful productivity app,https://res.cloudinary.com/crunchbase-production/image/upload/xhfetynzutmvwgdlfpll,"Berlin, Germany",No information,Software and Data,Apps,https://amie.so/
80,Dive,Dive is a mobile live-streaming platform where creators anywhere in the world receive requests and get rewarded by fans.,https://res.cloudinary.com/crunchbase-production/image/upload/pcxl2ykdi1x3su9ymyqa,"Berlin, Germany",No information,Software and Data,Apps,https://diveee.com
81,Zag City,Zag City is a PropTech platform that offers innovative rental solutions in residential real estate.,https://res.cloudinary.com/crunchbase-production/image/upload/p1cp0o9cmrunil5hvkwt,"Berlin, Germany",No information,Fintech,Financial Services,https://zag.city/
82,CooperHire,Tech recruiting platform powered by independent recruiters,https://res.cloudinary.com/crunchbase-production/image/upload/gj64sgwa45e7itoveimx,"Berlin, Germany",No information,Software and Data,Enterprise Technology,https://cooperhire.io
83,Razor Group,Razor is a new-age global consumer holding. We partner with e-commerce merchants to acquire and scale winning brands.,https://res.cloudinary.com/crunchbase-production/image/upload/roh62l5aixkxff2klz7f,"Berlin, Germany",No information,Ecommerce & Retail,Ecommerce,https://razor-group.com
85,Wonder,Wonder is a virtual space where people can meet and talk.,https://res.cloudinary.com/crunchbase-production/image/upload/gij7qmvjrlpf2cferino,"Berlin, Germany",No information,Software and Data,Software,https://www.wonder.me/
86,Dance,Dance is an e-bike subscription service where users pay a monthly fee that covers their bikes and provides an all-inclusive support package.,https://res.cloudinary.com/crunchbase-production/image/upload/lz7xj5rrach44a5qhbfn,"Berlin, Germany",No information,Transportation,Automotive,https://www.dance.co/
87,Apheris AI,Apheris AI is unlocking data insights via federated and privacy preserving data analytics.,https://res.cloudinary.com/crunchbase-production/image/upload/hjnpfjxuelhiyj6ceqvh,"Berlin, Germany",No information,Software and Data,Data Analytics,https://www.apheris.com/
88,Klima,Klima is a provider of CO2 offsetting services used to reverse the effects of climate change.,https://res.cloudinary.com/crunchbase-production/image/upload/g612zczmit76to2owelc,"Berlin, Germany",No information,Energy & Environment,Energy & Environment-Other,https://getklima.com/
90,Strive School,Strive School is a fully remote learning program that lets students master full-stack technologies and pay only after getting hired.,https://res.cloudinary.com/crunchbase-production/image/upload/uvda9a7ykz5pcfvcitz1,"Berlin, Germany",No information,Software and Data,Apps,https://strive.school/
93,Automate Estate,buy and sell real estate with the click of a button,https://res.cloudinary.com/crunchbase-production/image/upload/z3ziovtk32g0pdvpi8y2,"Berlin, Germany",No information,Software and Data,Data Analytics,https://www.automate-estate.com
94,conductiv.ai,conductiv.ai combines machine learning with physics-based simulation to maximize production yield for precision manufacturing.,https://res.cloudinary.com/crunchbase-production/image/upload/wijef5zaayjc1kzurqpz,"Berlin, Germany",No information,Software and Data,Artificial Intelligence,https://www.conductiv.ai
95,Defudger,Media manipulation detection with AI and blockchain,https://res.cloudinary.com/crunchbase-production/image/upload/q7gn5avhgac60pmwdy3h,"Berlin, Germany",No information,Software and Data,Artificial Intelligence,http://defudger.com
96,rvolt.,Your smart home sustainability platform.,https://res.cloudinary.com/crunchbase-production/image/upload/pyfk4tm2yxabbegkrtsr,"Berlin, Germany",No information,Energy & Environment,Clean Energy,https://rvolt.io
97,ecoworks,"ecoworks uses industrial pre-fabrication, digital processes, and highly efficient energy systems.",https://res.cloudinary.com/crunchbase-production/image/upload/qa0hncndrnwdu9cnwub3,"Berlin, Germany",No information,Education,Education-Other,https://www.ecoworks.tech/
99,felmo,Redefining pet health care,https://res.cloudinary.com/crunchbase-production/image/upload/nnr4f5rop1vc63d2xmhj,"Berlin, Germany",No information,Health,Health Care,https://felmo.de
100,Recognize Technologies,The company is developing a multifunctional vehicle registration plate recognition system. Developer of a hardware and software complex for monitoring traffic and fixing traffic violations,/template/v3/images/no_logo.png,"Moscow, Russia",No information,Software and Data,SaaS,https://www.recognize.ru/
102,Recuper,"Developer of technologies for processing waste (solid household, industrial, agricultural) into heat and electricity, liquid fuel and sorbents.",/template/v3/images/no_logo.png,"Moscow, Russia",No information,Software and Data,Software,http://www.recuper.pro/
103,Charge your car,Developer of an application with geolocation of charging stations for electric vehicles with the ability to pay from a smartphone.,/template/v3/images/no_logo.png,"Moscow, Russia",No information,Software and Data,Software and Data-Other,https://chargeyourcar.ru
104,Verahim,The company is developing a technology for processing secondary raw materials of plant origin in the agro-industrial complex to obtain high-protein additives in feed and compound feed.,/template/v3/images/no_logo.png,"Moscow, Russia",No information,Hardware & IoT,Manufacturing,http://www.veraxim.info/
105,Digital Alliance,"The company brings together independent software developers, manufacturers of microelectronics, analytical and research organizations that create science-intensive products and solutions",/template/v3/images/no_logo.png,"Moscow, Russia",No information,Social & Leisure,Communities,http://digitalliance.ru/
106,Toweco,"Internet reviews aggregator. Collects consumer opinions about companies from all over the Internet, stores reviews on the platform and uses artificial intelligence to determine their reliability.",/template/v3/images/no_logo.png,"Moscow, Russia",No information,Software and Data,Data Analytics,https://toweco.ru/
107,HY Test,The company produces monoclonal antibodies and antigens that are used as key components of in vitro diagnostic kits.,/template/v3/images/no_logo.png,"Moscow, Russia",No information,Software and Data,Software and Data-Other,https://hytest.ru
108,ORION Sistema,"The company provides solutions in the field of data analysis, machine learning and information security.",/template/v3/images/no_logo.png,"Moscow, Russia",No information,Software and Data,Data Analytics,https://www.orionsistema.com
109,IANS,Research and production company. Develops and implements technologies and systems to ensure the safety and efficiency of flights of manned and unmanned aerial vehicles for civil aviation.,/template/v3/images/no_logo.png,"Moscow, Russia",No information,Software and Data,Software,https://www.ians.aero/
110,Evocargo,The company develops and implements logistic vertically integrated services using electric unmanned vehicles of its own production.,/template/v3/images/no_logo.png,"Moscow, Russia",No information,Transportation,Logistics,https://evocargo.com/
111,Arkon Construction,"The company is engaged in the development of equipment for construction 3D printing, the development of specialized materials for construction 3D printing, the provision of services for the construction of buildings, elements of engineering communications and concrete goods.",/template/v3/images/no_logo.png,"Moscow, Russia",No information,Hardware & IoT,3D Printing,https://arkon3d.ru/
112,HARZ Labs,"The company is engaged in the production of materials for 3D printing. Offers products for DLP / LCD, SLA, CJP and other technologies.",/template/v3/images/no_logo.png,"Moscow, Russia",No information,Hardware & IoT,3D Printing,https://harzlabs.com/
113,MG3D,"A company specializing in modern materials processing methods, including 3D printing, laser cutting, milling, design and printing.",/template/v3/images/no_logo.png,"Moscow, Russia",No information,Hardware & IoT,3D Printing,https://mg3d.ru/
116,SBT,"The company is a developer and manufacturer of systems and high-tech equipment for wireless communication, and also carries out developments by order of manufacturing plants",/template/v3/images/no_logo.png,"Moscow, Russia",No information,Software and Data,Software and Data-Other,http://www.sbtcom.ru/
117,New Engineering Technologies,"The company specializes in the supply, installation, maintenance and verification of various types of measuring instruments. Developer of the new generation ERA-GLONASS / eCall subscriber device testing system.",/template/v3/images/no_logo.png,"Moscow, Russia",No information,Software and Data,Software,https://www.neweng.ru
118,B4Com Tech,"The company develops and manufactures computers, telecommunications equipment, high-tech devices using SDN / IoT / 4G / 5G / 6LoWPAN technologies and data transmission solutions.",/template/v3/images/no_logo.png,"Moscow, Russia",No information,Software and Data,SaaS,https://b4com.tech/
120,Fortuna Army,Development of a comprehensive model of virtual tests in order to design a promising 5.6 mm sports pistol.,/template/v3/images/no_logo.png,"Moscow, Russia",No information,Software and Data,VR/AR,https://fortuna.army/
121,Interglobal,"The main profile of the company is the development of algorithms, artificial intelligence systems and software based on them in the field of sports and sports medicine.",/template/v3/images/no_logo.png,"Moscow, Russia",No information,Software and Data,Artificial Intelligence,http://interglob.su/
122,Vipered,Developer of the program &quot;Neural network system for assessing the performance of sports exercises based on a neural network and teaching sports exercises.&quot;,/template/v3/images/no_logo.png,"Moscow, Russia",No information,Software and Data,Software,https://viperedproject.com/
123,Success Rockets,"The developer of space transport: ultralight rockets, tugs for low-earth orbits and interplanetary missions, satellite platforms of small spacecraft of three modifications and constellations of satellites for data transmission.",/template/v3/images/no_logo.png,"Moscow, Russia",No information,Hardware & IoT,Hardware,https://successrockets.ru/
124,GiftMyTrip,"GiftMyTrip is an online hotel booking platform generating donations for nonprofits at no extra cost to the traveler / users. Every time, a hotel booking is made, GiftMyTrip generates a donation up to 5% of the booking amount and instantly donates it to selected nonprofits.",https://res.cloudinary.com/sblink/w_64/do6js585b3jt3hcmyjmh,"Bangalore, India",Idea/MVP/Beta,Social & Leisure,Travel,https://www.giftmytrip.com
125,PILA Deep Mind,"PILA is a self-sustained open innovation organic business with its Innovation Wing and Strategic Technology Partnership wing offering Domain agnostic Solutions and Services in the fields of Artificial Intelligence, Blockchain, Robotics, Automation, and Data Analytics.",https://res.cloudinary.com/sblink/w_64/n2iwsq5w4bibon4zmpse,"Bangalore, India",Idea/MVP/Beta,Software and Data,Artificial Intelligence,http://pila.ai/
127,Ather Energy,Ather Energy has built India's first intelligent electric scooter. We manufacture two scooter models at present - 450 and 450X. We have also established an electric vehicle charging network called AtherGrid.,https://res.cloudinary.com/sblink/w_64/2de340756cb4c8a82b0d92709d8be334,"Bangalore, India",Idea/MVP/Beta,Transportation,Automotive,http://atherenergy.com
128,AdaptNXT Technology Solutions,"AdaptNXT is 'boutique technology solutions' organization, operating from Bangalore. We closely engage with our customers, understand the requirements well and create technology solutions which directly increases their bottomline and they love to work on.",https://res.cloudinary.com/sblink/w_64/c20284e3133b8a9a96322fc828cce3b2,"Bangalore, India",Idea/MVP/Beta,Software and Data,Web Development,https://adaptnxt.com
129,Encon Engineers,Harmonic Filter Manufacturer | We manufacture harmonic filter offering the best profitable functions to the industry for troubleshooting failure permitting full load plant operation and energy saving.,https://res.cloudinary.com/sblink/w_64/quwhdnccgers8uvpbjt3,"Bangalore, India",Idea/MVP/Beta,Energy & Environment,Clean Energy,https://enconengineers.in/
130,appveen,appveen data.stack is a complete data-centric API-first back-end as a service platform for modern IT teams.,/template/v3/images/no_logo.png,"Bangalore, India",Idea/MVP/Beta,Software and Data,SaaS,https://www.appveen.com
131,AssureShift,AssureShift is a verified moving service referral portal in India. Here we provide genuine moving services from our professional movers. We have added all our movers manually before adding them in to our portal.,https://res.cloudinary.com/sblink/w_64/zafspcz1wbvr8efncqi8,"Bangalore, India",Idea/MVP/Beta,Transportation,Logistics,https://www.assureshift.in/
132,OneHash.ai,"We bring you OneHash, a SaaS based integrated CRM which Streamlines and automates all the functions of your business CRM on a single platform. OneHash is a cost effective, powerful and customizable growth engine.",https://res.cloudinary.com/sblink/w_64/mjo8bywwajqbl9bxjokn,"Bangalore, India",Idea/MVP/Beta,Marketing & Sales,CRM,https://www.onehash.ai
134,Settl.,Settl. is a technology-driven accommodation platform focused on providing a convenient and high-quality living experience.,https://res.cloudinary.com/crunchbase-production/image/upload/pmhv8tygb0nr9ustnpxq,"Bangalore, India",No information,Social & Leisure,Communities,https://thesettl.com
135,Vegrow,"Vegrow is a tech platform partnering with farmers, aggregating supply and selling to organized demand through partnership.",https://res.cloudinary.com/crunchbase-production/image/upload/lhcpqbgwgr8rhzlndujo,"Bangalore, India",No information,Foodtech,Agtech,https://www.vegrow.in/
137,Apna,Apna is a recruitment platform that gives opportunities for blue or grey collar jobs.,https://res.cloudinary.com/crunchbase-production/image/upload/e5jvlklnfso3jvn6qmxg,"Bangalore, India",No information,Software and Data,Enterprise Technology,https://apna.co/
138,Pixxel,Pixxel is a Bengaluru-based space technology startup building a constellation of advanced earth imaging small satellites.,https://res.cloudinary.com/crunchbase-production/image/upload/qwzxodcxbelputxndnwr,"Bangalore, India",No information,Transportation,Aerospace,https://pixxel.space
139,CustomFit.ai,CustomFit.ai transforms your website/app into #1 Growth Engine / #1 Salesperson by personalizing for each visitor.,https://res.cloudinary.com/crunchbase-production/image/upload/kkqp3wjxnmlp1skzhbj2,"Bangalore, India",No information,Software and Data,Artificial Intelligence,https://customfit.ai
140,"Lens and Meds (https:lensandmeds.com),","Healthcare, Eyecare, Digital Drug Distribution and Branded Generics",https://res.cloudinary.com/crunchbase-production/image/upload/s7wmk06ieo9znqg5qekl,"Bangalore, India",No information,Health,Health Care,http://www.lensandmeds.com
141,Hearthealth Technologies,An AI-driven Cardiac Imaging Analyses based Cardiovascular Decision Support System to streamline clinical workflows,https://res.cloudinary.com/crunchbase-production/image/upload/c8p9e9pfvsbwo5wl0mju,"Bangalore, India",No information,Hardware & IoT,Hardware,http://hearthealthtech.com/
142,Karbon Card,Karbon Card  is a financial platform for Indian entrepreneurs.,https://res.cloudinary.com/crunchbase-production/image/upload/vzcod9o199jm1k9wdvgh,"Bangalore, India",No information,Fintech,Financial Services,https://www.karboncard.com/
143,OlaMoney,OlaMoney which provides mobile payments.,https://res.cloudinary.com/crunchbase-production/image/upload/fbrg0sxzewucqn6jhlbt,"Bangalore, India",No information,Software and Data,Apps,https://www.olamoney.com/
144,EvrCare,Taking Care of your parents when you move away. 1st Time in Asia | Launched in India,https://res.cloudinary.com/crunchbase-production/image/upload/gxbpd5q9rarhh9l2utl1,"Bangalore, India",No information,Health,Health Care,https://evrcare.co/
145,LexHeal Technologies,LexHeal Technologies develops a family healthcare app where users can monitor their health as well as the health of their families.,https://res.cloudinary.com/crunchbase-production/image/upload/gkkwduzq645bhus227fd,"Bangalore, India",No information,Health,Health Care,https://lexheal.com/
146,Aviate,Aviate is an employability-enhancement and placement services platform for job-seekers.,https://res.cloudinary.com/crunchbase-production/image/upload/ksftvmyu74rc529lnd0f,"Bangalore, India",No information,Education,Education-Other,http://aviate.jobs
147,Unbox Robotics,"Unbox Robotics builds on-demand AI-driven warehouse robotics solutions, which can be deployed using limited foot-print, time, and capital.",https://res.cloudinary.com/crunchbase-production/image/upload/cw6iufptdskqg1phd2my,"Bangalore, India",No information,Software and Data,Artificial Intelligence,https://unboxrobotics.com/
148,Ripplr,Ripplr is a full stack tech distribution company.,https://res.cloudinary.com/crunchbase-production/image/upload/tydvcni2gvddzo5au1mz,"Bangalore, India",No information,Transportation,Logistics,http://www.ripplr.in/
149,BeaTrust,"BeaTrust helps each employee to connect easily, accelerating collaboration and driving innovation.",https://res.cloudinary.com/crunchbase-production/image/upload/csjsio80bcy8ujtg27i5,"Tokyo, Japan",No information,Social & Leisure,Communities,https://beatrust.com/en/
150,ScientistPage Inc.,Scientific community is facing the exponential growth in academic literature.,https://res.cloudinary.com/crunchbase-production/image/upload/egr5fktwflubfogqlbso,"Tokyo, Japan",No information,Fintech,Blockchain,https://scientistpage.com
151,SOUNDRAW,SOUNDRAW is an AI music generator for video creators.,https://res.cloudinary.com/crunchbase-production/image/upload/zd5nsevccbwbbvfbezog,"Tokyo, Japan",No information,Software and Data,Artificial Intelligence,https://soundraw.io/
152,Turingum,Turingum is a group of engineers who have contributed to crypto and blockchain through research and development for many years.,https://res.cloudinary.com/crunchbase-production/image/upload/wialewwwet9qilgynyh8,"Tokyo, Japan",No information,Fintech,Blockchain,https://turingum.com
153,LocationMind,"LocationMind is an IT company that provides human flow analysis, IoT solutions, and security for positioning signals.",https://res.cloudinary.com/crunchbase-production/image/upload/04a355064bb873cf70e2,"Tokyo, Japan",No information,Software and Data,Enterprise Technology,https://locationmind.com/
154,Milamore,Milamore is a manufacturer and designer of jewelry.,https://res.cloudinary.com/crunchbase-production/image/upload/xptqpknrlzrrdczzqplu,"Tokyo, Japan",No information,Ecommerce & Retail,Ecommerce & Retail-Other,https://milamorejewelry.com/
155,Ieichiba,Ieichiba is a real estate company.,https://res.cloudinary.com/crunchbase-production/image/upload/wplm7wcq9rondlevf1js,"Tokyo, Japan",No information,Hardware & IoT,Hardware & IoT-Other,https://www.ieichiba.com/
156,ToposWare,"ToposWare provides blockchain, cryptography, and software services.",https://res.cloudinary.com/crunchbase-production/image/upload/adc3e5e21f2b8ca3ede5,"Tokyo, Japan",No information,Fintech,Blockchain,https://toposware.com/
157,susten Capital Management,Susten Capital Management develops internet asset management services.,https://res.cloudinary.com/crunchbase-production/image/upload/5b9c25f43691c4cc369c,"Tokyo, Japan",No information,Fintech,Financial Services,https://www.susten.jp
158,CUICIN,Quickin is changing the travel experience with the digital transformation.,https://res.cloudinary.com/crunchbase-production/image/upload/dc75bc34581f9f9b59fa,"Tokyo, Japan",No information,Social & Leisure,Travel,https://cuicin.co.jp
159,Fools,Fools is a footwear manufacturing company.,https://res.cloudinary.com/crunchbase-production/image/upload/o8ndwfkkfw9xoekcehky,"Tokyo, Japan",No information,Ecommerce & Retail,Ecommerce & Retail-Other,https://www.fools-inc.com/
160,Edgematrix,EDGEMATRIX is a startup spun out from the AI ​​project team of a global venture company .,https://res.cloudinary.com/crunchbase-production/image/upload/thubgl8tmdvhaxcs3bpl,"Tokyo, Japan",No information,Software and Data,Artificial Intelligence,https://edgematrix.com/
161,Siiibo,Siiibo is a Startup to collect a small number of investors and issue bond based on its own web information platform.,https://res.cloudinary.com/crunchbase-production/image/upload/dplhquiwdfag4zlffdbm,"Tokyo, Japan",No information,Fintech,Financial Services,https://www.siiibo.com/
162,Crezit,"Crezit is offers a wide range of financial products and services in a single click, as well as customer advice, product simulators.",https://res.cloudinary.com/crunchbase-production/image/upload/cvdp1yzh54oeufzc1qlv,"Tokyo, Japan",No information,Fintech,Financial Services,https://crezit.jp/
163,HCMJ,HCMJ specializes in software development in the medical industry.,https://res.cloudinary.com/crunchbase-production/image/upload/08f837c58ed8face28c8,"Tokyo, Japan",No information,Software and Data,Enterprise Technology,https://www.hcmj.co.jp
164,Digzyme,"Digzyme is a research and development platform for creating, discovering, and evaluating new enzyme-catalyzed reactions by bioinformatics.",https://res.cloudinary.com/crunchbase-production/image/upload/mdjwopmbmyqgeueu4ojj,"Tokyo, Japan",No information,Health,Health-Other,https://www.digzyme.com/
165,Zaiko,Two way marketplace connecting event organizers with media companies as sales channels. Ticketing as a service.,https://res.cloudinary.com/crunchbase-production/image/upload/rvalvqkrlvtmb5fq0jae,"Tokyo, Japan",No information,Ecommerce & Retail,Ecommerce,https://zaiko.io
166,Feelyou (Bajji Inc.),"Mood tracking app called Feelyou, sharing your daily mood for boosting well-being",https://res.cloudinary.com/crunchbase-production/image/upload/wogge18xkchtvyf7re0t,"Tokyo, Japan",No information,Fintech,Blockchain,https://feelyou.app/
167,Radiotalk,Radiotalk is a Voice distribution platform business.,https://res.cloudinary.com/crunchbase-production/image/upload/4477a84b8d890ef62781,"Tokyo, Japan",No information,Marketing & Sales,Content Marketing,https://radiotalk.jp/
168,Boulder,Boulder is a human resource copmany.,https://res.cloudinary.com/crunchbase-production/image/upload/fombeta8xqshrbgmm97y,"Tokyo, Japan",No information,Software and Data,Enterprise Technology,https://b-boulder.com/
169,SkyDrive,"SkyDrive is a start-up for development,manufacturing,sales of the &ldquo;Flying cars&rdquo; established by CARTIVATOR members.",https://res.cloudinary.com/crunchbase-production/image/upload/e4zozozxcqtujefjtxbd,"Tokyo, Japan",No information,Transportation,Automotive,https://en.skydrive2020.com/
170,bitBiome,BitBiome is a microbiome analysis company that aims to discover and understand disease-linked microorganisms.,https://res.cloudinary.com/crunchbase-production/image/upload/n8vbp5keflkf90tyrkuw,"Tokyo, Japan",No information,Software and Data,Data Analytics,https://www.bitbiome.co.jp
171,TRiCERA,TRiCERA is a contemporary art global platform management company.,https://res.cloudinary.com/crunchbase-production/image/upload/ca0f7ce5ed7bf55a8cf6,"Tokyo, Japan",No information,Social & Leisure,Arts,https://tricera.co.jp/
172,Arteryex,Arteryex is a healthcare blockchain startup in Japan.,https://res.cloudinary.com/crunchbase-production/image/upload/1e9f3e414cd7e0d1a10a,"Tokyo, Japan",No information,Fintech,Blockchain,https://arteryex.biz
173,Penmark,Penmark is a schedule management application for college students.,https://res.cloudinary.com/crunchbase-production/image/upload/aea75ccfa16fd7840281,"Tokyo, Japan",No information,Software and Data,Apps,https://penmark.jp/
174,Oico,Oico develops an online marketplace designed for small retailers and buyers of building materials.,https://res.cloudinary.com/crunchbase-production/image/upload/rewc2ldlnidnxh64a0f4,"Sao Paulo, Brazil",No information,Ecommerce & Retail,Marketplaces,http://www.oico.com.br
176,Boomerang,"Boomerang is a new way for photographers to share their images with clients. An ultra clean interface, inspiring animations and easy use functionality get users emotionally engaged and help photographers proof simple and sell more.",https://res.cloudinary.com/sblink/w_64/69850ef11422ddf5363ebae582e2a189,"Seattle, United States",Just launched,Software and Data,Apps,http://www.boomerangproof.com
178,TissueLabs,The platform for creating organs and tissues in the lab.,https://res.cloudinary.com/crunchbase-production/image/upload/ehsjzdtb62ta0ywbt3ec,"Sao Paulo, Brazil",No information,Hardware & IoT,3D Printing,http://www.tissuelabs.com
181,Kzas.AI,Kzas is a platform that matches real buyers with real properties with assistance of conversational AI simplifying from the search to notary.,https://res.cloudinary.com/crunchbase-production/image/upload/buwclsrskch6ahgujthf,"Sao Paulo, Brazil",No information,Software and Data,Artificial Intelligence,https://www.kzas.ai
182,Hello Fan,Hello Fan provides a platform for famous folks to pay tribute to their devoted followers.,https://res.cloudinary.com/crunchbase-production/image/upload/ov57obokefwuzrvoqpcb,"Sao Paulo, Brazil",No information,Social & Leisure,Digital Media,https://hello.fan/
186,Tudu,A disruptive way to sell clothes and other consumer objects 100% manufactured on demand,https://res.cloudinary.com/crunchbase-production/image/upload/wzehd1p5shcuj8o90ju1,"Sao Paulo, Brazil",No information,Ecommerce & Retail,Ecommerce,https://www.tudu.com.br
187,OTAWA Health,"Guiding cancer care through a centralized multidisciplinary EHR with predefined clinical pathways, treatment protocols and molecular markers",https://res.cloudinary.com/crunchbase-production/image/upload/v1480577378/yqz2zzilhpr5zukgnjcb.png,"Sao Paulo, Brazil",No information,Software and Data,Artificial Intelligence,http://www.otawa.net/
188,&Acirc;nimo Wellness,Brazilian Digital Wellness Platform,https://res.cloudinary.com/crunchbase-production/image/upload/rpqifuuwnqaqsemkc2yn,"Sao Paulo, Brazil",No information,Health,Fitness,http://queroanimo.com/
189,Carupi,"Managed marketplace for used cars, similar to Airbnb.",https://res.cloudinary.com/crunchbase-production/image/upload/dfqq25yzq7iguovdgu24,"Sao Paulo, Brazil",No information,Ecommerce & Retail,Marketplaces,https://www.carupi.com/
190,Mimic,Mimic will reinvent the food delivery industry in LATAM.,https://res.cloudinary.com/crunchbase-production/image/upload/weic9jge9o3ttp6qrmtz,"Sao Paulo, Brazil",No information,Transportation,Logistics,http://www.mimic.com.br/
191,Pipo Sa&uacute;de,We are a platform that sells and manages healthcare benefits (from your healthcare plan to your fitness benefit).,https://res.cloudinary.com/crunchbase-production/image/upload/sjzo5ad9hiciw6tg68ij,"Sao Paulo, Brazil",No information,Health,Health Care,http://piposaude.com.br
194,alice.,,https://res.cloudinary.com/sblink/w_64/8d27ef596ad3ff650176f67ef9c33f31,"London, United Kingdom",Just launched,Fintech,Financial Services,http://alice.li
195,Clarke Energia,Clarke Energia is a digital energy manager that reduces your electricity bill,https://res.cloudinary.com/crunchbase-production/image/upload/w1xr8fmk2j82gc4bn3o7,"Sao Paulo, Brazil",No information,Energy & Environment,Energy,https://clarke.com.br/
197,Theia,"Theia is a young Brazilian startup with a mission to empower parents to be healthier, happier and more successful at home and at work",https://res.cloudinary.com/crunchbase-production/image/upload/k9h0v5xlt9fs0ajir6j8,"Sao Paulo, Brazil",No information,Health,Health Care,https://theia.com.br/
198,Unbox,Unbox is a data driven online sales solution designed brand-focused SMEs to increase sales,https://res.cloudinary.com/crunchbase-production/image/upload/k14rdvm0k7s9yw3l7crf,"Sao Paulo, Brazil",No information,Ecommerce & Retail,Ecommerce,http://unbox.com.br
201,Graphue,"Graphue is a company that provides templates for exceling your pitches and presentations. Its a group of expert designers, with a goal to help its customers.",https://res.cloudinary.com/sblink/w_64/grtvi9k5or4yrgntmtwu,"Amsterdam, The Netherlands",Idea/MVP/Beta,Marketing & Sales,Digital Marketing,https://graphue.com/
203,Be-Addy,"SaaS platform for smartly organise your paid media and create mediaplanning to manage, optimize and report efficiently.",https://res.cloudinary.com/crunchbase-production/image/upload/lond5dqhgstkrarrcunw,"Amsterdam, The Netherlands",No information,Marketing & Sales,Adtech,https://www.be-addy.com
204,Beacon,"Beacon is a digital therapy platform that helps people overcome mental health concerns such as depression, anxiety, panic, and PTSD.",/template/v3/images/no_logo.png,"Toronto, Canada",No information,Health,Health Care,https://www.mindbeacon.com/
205,Froyoo,"Cross device marketing graph that enables tailored advertising, created for Middle East and Africa",https://res.cloudinary.com/crunchbase-production/image/upload/kvddb5hzgwihxc9ecrk4,"Amsterdam, The Netherlands",No information,Marketing & Sales,Adtech,https://froyoo.com
206,Atium,Atium is the platform where teams build and maintain human connections remotely.,https://res.cloudinary.com/crunchbase-production/image/upload/kptaqfdmo4f8zn7o3iln,"Amsterdam, The Netherlands",No information,Software and Data,Software,https://atium.app
207,Orderchamp,"Wholesale, Marketplace,  Ecommerce, Retail",https://res.cloudinary.com/crunchbase-production/image/upload/q8wzjqtnywkehxwzn49l,"Amsterdam, The Netherlands",No information,Ecommerce & Retail,Ecommerce,https://www.orderchamp.com
210,Clear,Clear measures blood glucose levels in real-time using a chip-implanted arm patch and an app.,https://res.cloudinary.com/crunchbase-production/image/upload/g21e5qkkkgudqd7n3dqb,"Amsterdam, The Netherlands",No information,Health,Fitness,https://www.theclearhealthprogram.com/
211,PoroUS,PoroUS combines 3D ultrasound technology and image guidance with sophisticated spectral signal processing to ensure osteoporosis diagnoses.,https://res.cloudinary.com/crunchbase-production/image/upload/af4imfmj9rtncphq55md,"Amsterdam, The Netherlands",No information,Health,Health Care,https://nlc.health/venture/porous/
213,Fusedbone,Affordable and accessible patient-specific implants.,https://res.cloudinary.com/crunchbase-production/image/upload/thyflzrrhcyatkhckdes,"Amsterdam, The Netherlands",No information,Hardware & IoT,3D Printing,http://fusedbone.com/
214,Toot,TOOT is a subscription-based E-commerce platform for oral care products.,https://res.cloudinary.com/crunchbase-production/image/upload/fmy9jw2aciuebxhi5pnj,"Amsterdam, The Netherlands",No information,Hardware & IoT,Consumer Electronics,https://toot.nl/
216,Kambr,"Raising airline revenue performance through Software, Consultancy and Content.",https://res.cloudinary.com/crunchbase-production/image/upload/s0iwyolh0hdrflxmk3xo,"Amsterdam, The Netherlands",No information,Transportation,Aerospace,https://www.kambr.com/
217,Bookex,"Better management for long-stay travel. Built for travel managers, travellers and suppliers.",https://res.cloudinary.com/crunchbase-production/image/upload/xa5giohqzzgvwpfqeyf0,"Amsterdam, The Netherlands",No information,Social & Leisure,Travel,https://www.bookex.io/en/
219,Purple Gaze,High Performance Eye Tracking,https://res.cloudinary.com/crunchbase-production/image/upload/xj3nzm1aopb7zqysu4th,"Amsterdam, The Netherlands",No information,Hardware & IoT,Hardware,http://www.purplegaze.io
220,NC Biomatrix,Game-changing treatment for intervertebral disc (IVD) degeneration,https://res.cloudinary.com/crunchbase-production/image/upload/avxrr0jp0ywtsqq0yciy,"Amsterdam, The Netherlands",No information,Health,Health Care,https://ncbiomatrix.com/
222,Hemeo,"HEMEO IS A PERSONALIZED CLINICAL DECISION SUPPORT SYSTEM DESIGNED TO PREVENT, DIAGNOSE, AND TREAT COAGULATION DISORDERS",https://res.cloudinary.com/crunchbase-production/image/upload/wyiheaktu9y573evcvzp,"Amsterdam, The Netherlands",No information,Health,Health Care,https://nlc.health/venture/hemeo/
223,Silverflow,Silverflow is a cloud-based processing platform that provides an upgrade for payment-providers to accelerate technological innovation.,https://res.cloudinary.com/crunchbase-production/image/upload/ncgaqkycohsbwo2x1pj4,"Amsterdam, The Netherlands",No information,Fintech,Financial Services,https://www.silverflow.co/
224,Together Video Chat,Together Video Chat is a video chat app designed for children-grandparent interaction and offers playful and educational activities.,https://res.cloudinary.com/crunchbase-production/image/upload/tsgsemzbxcsvhh3icli7,"Barcelona, Spain",No information,Software and Data,Apps,https://www.togethervideoapp.com/
225,Accure Therapeutics,Accure Therapeutics is a private pharma R&amp;D engine at clinical stage in the CNS field.,https://res.cloudinary.com/crunchbase-production/image/upload/lx5pg546oj9zk1g14ise,"Barcelona, Spain",No information,Health,Biotechnology,https://accure.health/
226,Squadra,"Squadra is the first virtual coaching app for teams, carving out a new space in the workplace productivity stack",https://res.cloudinary.com/crunchbase-production/image/upload/bb9lwyyicgz2tpg4wamr,"Barcelona, Spain",No information,Software and Data,Apps,https://mysquadra.com/
227,Freeverse.io,Blockchain technology and products that power new global markets for evolutionary digital assets,https://res.cloudinary.com/crunchbase-production/image/upload/k1cypkz7glebxik0ysdh,"Barcelona, Spain",No information,Fintech,Blockchain,https://www.freeverse.io/
229,PIGARI,Corporate debit cards for SME and Freelancers to automate expense management and remove paper expense receipts.,https://res.cloudinary.com/crunchbase-production/image/upload/l9m8nk97axcyvpl2dq1g,"Barcelona, Spain",No information,Fintech,Online Banking,https://pigari.com/
231,TipsterChat,TipsterChat is an online marketplace which provides on-demand sports gaming content.,https://res.cloudinary.com/crunchbase-production/image/upload/py9kspgabkkoumphscoj,"Barcelona, Spain",No information,Software and Data,Enterprise Technology,https://www.tipsterchat.com/
232,Freightol,"Freightol is a 4.0 transport SaaS, in which thousands of Forwarders and Freight Forwarders are added.",https://res.cloudinary.com/crunchbase-production/image/upload/j1pojueldx7yw1wf4dqz,"Barcelona, Spain",No information,Transportation,Logistics,https://www.freightol.com
233,Advancing,Fintech solution offering landlords the chance to receive 12 months of their rents in advance while protecting them against default payments,https://res.cloudinary.com/crunchbase-production/image/upload/eesk5mfaqhn6e3zjlo3d,"Barcelona, Spain",No information,Fintech,Financial Services,https://www.advancing.es/
234,Talvi,"Talvi is an automated financial advisor offering financial planning, investment management and financial education all on a mobile app.",https://res.cloudinary.com/crunchbase-production/image/upload/a7yzvkxawsxcndrnxkxs,"Barcelona, Spain",No information,Fintech,Online Banking,https://plan.talvi.app
235,HUBUC,Banking as a Platform that enables businesses to embed financial services in their products and services.,https://res.cloudinary.com/crunchbase-production/image/upload/ukx0zsfh8n1e3ywwcd51,"Barcelona, Spain",No information,Fintech,Online Banking,https://www.hubuc.com
236,Finnu,Finnu is a Fintech startup giving its users access to affordable asset-backed consumer loans via its mobile app.,https://res.cloudinary.com/crunchbase-production/image/upload/um8ri60lp7uwxkysrm1h,"Barcelona, Spain",No information,Fintech,Financial Services,https://www.finnu.com
237,Mutter Ventures,"Mutter Ventures is a pre-corporate venture builder in Spain, especialized in the startup and development of companies in the digital economy",https://res.cloudinary.com/crunchbase-production/image/upload/uyuxplz6haebzsm4d0qh,"Barcelona, Spain",No information,Fintech,Investment,https://mutter.me/
238,ContHub.io Inbound Marketing,Simple and powerful inbound marketing cloud platform for SMEs,https://res.cloudinary.com/crunchbase-production/image/upload/h8knwyvl2hyckbf58qg3,"Barcelona, Spain",No information,Marketing & Sales,Content Marketing,https://conthub.io
239,kraving kitchens,kraving kitchens is a food delivery platform.,https://res.cloudinary.com/crunchbase-production/image/upload/l0nlt8aygsko4pal1zwo,"Barcelona, Spain",No information,Foodtech,Food and Beverage,https://kravingkitchens.com/
240,Nuclio Digital School,"Nuclio Digital School is the business school of Nuclio Venture Builder, the startup incubator driven from Barcelona by Carlos Blanco.",https://res.cloudinary.com/crunchbase-production/image/upload/pocd4sbclaorxympz6vc,"Barcelona, Spain",No information,Software and Data,Data Analytics,https://nuclio.school/
241,Brainity,Automatic Facebook &amp; Instagram Customer Journey ads for E-commerce,https://res.cloudinary.com/crunchbase-production/image/upload/ihutqiamn5bauywgtytv,"Barcelona, Spain",No information,Marketing & Sales,Adtech,https://www.brainity.co/
243,RheoDx,A precise and portable in-vitro device that brings efficiency to the hematological diseases diagnostics with a single blood drop.,https://res.cloudinary.com/crunchbase-production/image/upload/j7rcvjmithv3195fiqrb,"Barcelona, Spain",No information,Health,Biotechnology,http://www.rheodx.com
245,MediQuo,"Spain&rsquo;s 24-hour, 7-day-a-week medical chat application.",https://res.cloudinary.com/crunchbase-production/image/upload/tkyu62duhxfofxfe8b9d,"Barcelona, Spain",No information,Software and Data,Apps,https://www.mediquo.com/
247,ABLE Human Motion,ABLE Human Motion is a medical device company developing and commercialize robotic exoskeletons.,https://res.cloudinary.com/crunchbase-production/image/upload/akgw4dh6riwoodtcgtjd,"Barcelona, Spain",No information,Health,Health Care,https://www.ablehumanmotion.com
248,Groots,Vertical farming startup developing tower based growing technology.,https://res.cloudinary.com/crunchbase-production/image/upload/yjzjwfqdgitmygmjoelp,"Barcelona, Spain",No information,Foodtech,Agtech,http://www.groots.eco/
249,VReel,"VReel is a Swedish independent stock platform offering high quality, affordable video footage from all over the world via one-off purchases and subscriptions.",https://res.cloudinary.com/sblink/w_64/vx8alvadm3obf05i3fhp,"Stockholm, Sweden",Idea/MVP/Beta,Marketing & Sales,Content Marketing,https://vreel.co
250,Krafthem,Developing knowledge and AI to efficiently deploy electricity flexibility,https://res.cloudinary.com/crunchbase-production/image/upload/oucwo0xwfc9zas36vpxy,"Stockholm, Sweden",No information,Energy & Environment,Energy,https://www.krafthem.se/
251,Off Script,"Off Script is the best way for creators to set up their very own e-commerce, sell products they love, and help their community.",https://res.cloudinary.com/crunchbase-production/image/upload/fipcxy26wjhpmxoijf1u,"Stockholm, Sweden",No information,Ecommerce & Retail,Ecommerce,https://offscript.io/
252,NAG Studios,NAG Studios is an Esports startup that integrates the community into the teams through streaming platforms built for all types of users.,https://res.cloudinary.com/crunchbase-production/image/upload/yrmkzs4es0kplubrhlbq,"Stockholm, Sweden",No information,Social & Leisure,Sports,http://www.nagstudios.com
253,Nhost,Nhost is a full-fledged serverless backend for web and mobile applications.,https://res.cloudinary.com/crunchbase-production/image/upload/omufvlapkt2t7jsr1qlk,"Stockholm, Sweden",No information,Software and Data,Software,https://nhost.io
254,Wild Games,Wild Games is an independent mobile games developer based in Stockholm founded by industry veterans,https://res.cloudinary.com/crunchbase-production/image/upload/vxh722zkip0sp7lrbtmo,"Stockholm, Sweden",No information,Software and Data,Apps,https://www.wild-games.se/
256,Lunch.co,A marketplace platform where colleagues can buy and sell home cooked lunches at work,https://res.cloudinary.com/crunchbase-production/image/upload/hhnjasqzhbyrjnggpg87,"Stockholm, Sweden",No information,Ecommerce & Retail,Ecommerce,http://lunch.co
257,Starprise,Marketplace for personalised videos from your favorite celebrities,https://res.cloudinary.com/crunchbase-production/image/upload/zfnro60iwmxlxw4ty0my,"Stockholm, Sweden",No information,Social & Leisure,Digital Media,https://starprise.co/
258,Noquo Foods,Noquo Foods is created to reinvent the vegan foods using today&rsquo;s technologies and science.,https://res.cloudinary.com/crunchbase-production/image/upload/fpxtbkulrg6jdamvcqxp,"Stockholm, Sweden",No information,Foodtech,Food and Beverage,http://noquofoods.com/
259,Coupleness,Coupleness is a startup operating a mobile social network for couples.,https://res.cloudinary.com/crunchbase-production/image/upload/ur2yizgk7a34pqxuaizu,"Stockholm, Sweden",No information,Software and Data,Apps,https://www.getcoupleness.com/
260,Memmo,Memmo is a platform that offers personal video messages from famous profiles to their fans and followers.,https://res.cloudinary.com/crunchbase-production/image/upload/poirhkejzsft8ynvlms1,"Stockholm, Sweden",No information,Social & Leisure,Entertainment,https://memmo.me
261,Hackyourcloset.com,Hackyourcloset.com was founded in 2019 to reduce and prevent waste in the apparel industry.,https://res.cloudinary.com/crunchbase-production/image/upload/xyjks40zzaphjidvqtne,"Stockholm, Sweden",No information,Software and Data,Data Analytics,https://www.hackyourcloset.com
262,Logcast,Logcast is a voice-based social network.,https://res.cloudinary.com/crunchbase-production/image/upload/padeuer5wxkoh3dy6hay,"Stockholm, Sweden",No information,Software and Data,Enterprise Technology,https://www.logcast.io
264,Skyqraft,Skyqraft provides autonomous aerial infrastructure inspection.,https://res.cloudinary.com/crunchbase-production/image/upload/xpf48w4wqeehph2oejoz,"Stockholm, Sweden",No information,Software and Data,Artificial Intelligence,http://skyqraft.com
265,xNomad,Xnomad is a marketplace for short-term retail space connecting brands and e-commerce stores.,https://res.cloudinary.com/crunchbase-production/image/upload/uuspjpdffipoylfufawq,"Stockholm, Sweden",No information,Ecommerce & Retail,Marketplaces,https://www.xnomad.co
267,Treyd,Working capital for fast growing D2C brands. Trade Finance made Simple,https://res.cloudinary.com/crunchbase-production/image/upload/dlgvrlfnr1y7hsrypd1w,"Stockholm, Sweden",No information,Fintech,Financial Services,https://www.treyd.io
269,Vembla,Vembla is a marketplace with a vast selection of groceries and everyday goods from local retailers delivered to customers within minutes.,https://res.cloudinary.com/crunchbase-production/image/upload/ug5bosav2t2rsxbasqfo,"Stockholm, Sweden",No information,Transportation,Logistics,https://www.vembla.se/
272,Acuminor,Acuminor is a regulatory technology company based in Stockholm.,https://res.cloudinary.com/crunchbase-production/image/upload/q1tmoxfurb27gsqnfhwn,"Stockholm, Sweden",No information,Fintech,Fintech-Other,https://www.acuminor.com/
273,Chromia,"Chromia is a platform that is both a blockchain and a relational database, built with both developers and end-users in mind.",https://res.cloudinary.com/crunchbase-production/image/upload/o24dk5iuz6unbhuddvzb,"Stockholm, Sweden",No information,Fintech,Blockchain,https://chromia.com/
275,Course Studio,Course Studio is a learning experience designed for the Internet.,https://res.cloudinary.com/crunchbase-production/image/upload/mzxndtazto2xy1npstr9,"Vancouver, Canada",No information,Education,Edtech,https://course.studio/
276,Sherwa Online Services,Mobile app to connect gamers using shared economy business model,https://res.cloudinary.com/crunchbase-production/image/upload/srs7fhvffnihpbknhsvl,"Vancouver, Canada",No information,Software and Data,Enterprise Technology,https://www.sherwaonline.com
278,Offerland,Technology Built for Real Estate Professionals,https://res.cloudinary.com/crunchbase-production/image/upload/ggygpy7nt2mp6iwmgdlm,"Vancouver, Canada",No information,Fintech,Investment,https://offerland.ca
279,Niki App Limited,Niki is the one-stop digital platform for renting properties for students.,https://res.cloudinary.com/crunchbase-production/image/upload/jmclvoqvcltyhgeopk0r,"Vancouver, Canada",No information,Ecommerce & Retail,Ecommerce,https://www.nikiapp.com
280,Juicey Turf,Juicey Turf is an AI door to door sales mapping application intended to maximize the reps profits of a veteran salesperson.,https://res.cloudinary.com/crunchbase-production/image/upload/icqtsvwoan5euionaub2,"Vancouver, Canada",No information,Software and Data,Artificial Intelligence,https://juiceyturf.com
282,SynerGenetics Bioscience,SynerGenetics Bioscience is a plant genetics research and development company that focuses on hemp strains.,https://res.cloudinary.com/crunchbase-production/image/upload/thzxm8fenqxchxuaw2qt,"Vancouver, Canada",No information,Health,Biotechnology,https://www.sgbioscience.com/
283,Charli AI,"Meet Charli, AI to make work flow. Delegate the boring stuff.",https://res.cloudinary.com/crunchbase-production/image/upload/ifmik5dgykbzuk4k0j7t,"Vancouver, Canada",No information,Software and Data,Artificial Intelligence,https://charli.ai/
285,Waterbear Cloud,"Waterbear Cloud is an IT company that generates infrastructure code from a flexible, high-level configuration system.",https://res.cloudinary.com/crunchbase-production/image/upload/uiupbljskyi2shrrfpva,"Vancouver, Canada",No information,Software and Data,Software,https://www.waterbear.cloud
286,NeuPeak Robotics,NeuPeak Robotics is an AI and robotics company that develops autonomous robots replacing dexterity intensive farm labor.,https://res.cloudinary.com/crunchbase-production/image/upload/dmk9nbcykwfs6vofsdru,"Vancouver, Canada",No information,Foodtech,Agtech,https://www.neupeak.com/
288,Bruush,Keep your teeth healthy and white with Br&uuml;ush - a premium electric toothbrush subscription with a luxury look and feel,https://res.cloudinary.com/crunchbase-production/image/upload/cl4vtdgtflooirisbjw8,"Vancouver, Canada",No information,Ecommerce & Retail,Ecommerce,https://bruush.com/
289,Scanbo,Democratizing Access To Medical Diagnostics,https://res.cloudinary.com/crunchbase-production/image/upload/vu3afianpakchtw01ual,"Vancouver, Canada",No information,Software and Data,Artificial Intelligence,https://www.scanbo.com
290,LivNao Technologies,LivNao Technologies leverages deep learning to detect changes in mental health before it affects performance and productivity.,https://res.cloudinary.com/crunchbase-production/image/upload/zb4lbd1gkv3k592fyfdm,"Vancouver, Canada",No information,Software and Data,Artificial Intelligence,https://livnao.com
291,Hatch Create Works,Hatch Create Works is a hardware development and software development firm.,https://res.cloudinary.com/crunchbase-production/image/upload/3c7946acd429aabf2ae6,"Vancouver, Canada",No information,Hardware & IoT,Hardware,https://hcw.jp/
292,Grow Tech Labs,Grow Tech Labs is an accelerator program for cannabis companies.,https://res.cloudinary.com/crunchbase-production/image/upload/lwlgrai6ld8zhstxu0gj,"Vancouver, Canada",No information,Health,Cannabis,https://www.growtechlabs.com/
293,Beatdapp,"Beatdapp offers a tracking system that authenticates, verifies, and validates media streamed in real time.",https://res.cloudinary.com/crunchbase-production/image/upload/qxrjcxd1if3qo0ftblxb,"Vancouver, Canada",No information,Fintech,Blockchain,https://beatdapp.com/
294,Olive,AI technology / business consulting,https://res.cloudinary.com/crunchbase-production/image/upload/x4zhluc8rh19z1qhok29,"Vancouver, Canada",No information,Software and Data,Artificial Intelligence,https://www.olive.app
295,KABN,"KABN is an innovator in financial services, technologies and products for the blockchain industry.",https://res.cloudinary.com/crunchbase-production/image/upload/vgjthrzxo7xkhgpulbhw,"Vancouver, Canada",No information,Fintech,Blockchain,http://kabn.network
296,Kinzoo,Kinzoo is a new private messenger that turns screen time into family time.,https://res.cloudinary.com/crunchbase-production/image/upload/yuwtbhv5x1mfxoed09ti,"Vancouver, Canada",No information,Software and Data,Enterprise Technology,https://www.kinzoo.com
297,Kobalt,Kobalt is a monitoring capabilities of enterprise-class security teams to smaller organizations.,https://res.cloudinary.com/crunchbase-production/image/upload/xk0hkmzgqtrgpn8em2jk,"Vancouver, Canada",No information,Software and Data,Cloud,https://kobalt.io
298,Growlyn,Growlyn is a marketing and social media management platform providing online engagement and content curation automated to businesses.,https://res.cloudinary.com/crunchbase-production/image/upload/xmwheboyca5uuigcjoq3,"Vancouver, Canada",No information,Software and Data,Artificial Intelligence,https://growlyn.com
299,AlgaeBio+,"AlgaeBio+ produce y comercializa productos de alto valor comercial derivados del cultivo masivo de microalgas. El primer producto es Astaxantina destinada a consumo animal y humano, que permite sustituir pigmentos sint&eacute;ticos utilizados principalmente en salmonicultura.",/template/v3/images/no_logo.png,"Buenos Aires, Argentina",No information,Health,Health-Other,http://algaebiomas.com/
300,APPTO Covid19,This app allows for middle of a statement sworn control access people according to COVID 19 standards.,https://res.cloudinary.com/sblink/w_64/txr6eu7ktzjevcdravju,"Buenos Aires, Argentina",No information,Health,Health-Other,https://appto.net/
301,Widergy,"Widergy acompa&ntilde;a a las Utilities en su proceso de transformaci&oacute;n hacia la Utility del Futuro, a partir de proveerles soluciones de software de alto valor agregado. Utility GO!",/template/v3/images/no_logo.png,"Buenos Aires, Argentina",No information,Energy & Environment,Energy,http://www.widergy.com
302,Sumato-id,"Sumato-ID crea soluciones innovadoras basadas en la Biometr&iacute;a. Por medio de c&aacute;maras de video y algoritmos de Biometr&iacute;a Facial obtiene caracter&iacute;sticas de los consumidores frente a los diferentes productos tales como; g&eacute;nero, rango etario y hasta sentimientos.",/template/v3/images/no_logo.png,"Buenos Aires, Argentina",No information,Hardware & IoT,Hardware & IoT-Other,http://www.sumatoid.com
303,Checkteams,Checkteams se especializa en la prevenci&oacute;n de accidentes. Lo logra mediante un poderoso sistema inform&aacute;tico basado en inteligencia artificial que analiza el estado psicof&iacute;sico del usuario y condiciones de las unidades antes de comenzar su turno.,/template/v3/images/no_logo.png,"Buenos Aires, Argentina",No information,Transportation,Automotive,http://www.checkteams.com
304,Ponce,"Ponce busca disminuir las p&eacute;rdidas de agua potable, energ&iacute;a, y grandes da&ntilde;os, tanto en el rendimiento como en la calidad de los cultivo, a trav&eacute;s de un sistema IoT de detecci&oacute;n de fallas para equipos de riego.",/template/v3/images/no_logo.png,"Buenos Aires, Argentina",No information,Energy & Environment,Sustainability,http://www.ponceautomations.com
305,Guilab,"Guilab brinda una propuesta innovadora y creativa al servicio del mundo de las experiencias, mediante el dise&ntilde;o y elaboraci&oacute;n en el momento de sabores helados con nitr&oacute;geno l&iacute;quido. Guilab busca ser creador de tendencias, reconocido en la gastronom&iacute;a molecular.",/template/v3/images/no_logo.png,"Buenos Aires, Argentina",No information,Foodtech,Food Manufacturing,http://www.guilab.com.ar
306,BORNA,"Borna busca ser referente de personas que hacen que #CadaDiaCuente, mediante productos de indumentaria de calidad y dise&ntilde;o elaboradas por personas que transitan diversas situaciones de vulnerabilidad.",/template/v3/images/no_logo.png,"Buenos Aires, Argentina",No information,Ecommerce & Retail,Ecommerce & Retail-Other,http://www.somosborna.com
307,Bikenwander,"We strive to immerse visitors in our large city of Buenos Aires with eco-friendly electric bikes, coupled with live narration headsets to learn about the culture and history",https://res.cloudinary.com/sblink/w_64/sn5i5wograczwgz1f1py,"Buenos Aires, Argentina",No information,Transportation,Transportation-Other,https://bikenwander.com/
308,WEBIO BioTECH,"We offer a 3D printing process using biocompatible materials in order to recreate complex 3D biological environments. It can be used for regenerative medicine, drugs screening and other biotech research.",https://res.cloudinary.com/sblink/w_64/cwfzucvj8tbuvpayhn8p,"Buenos Aires, Argentina",No information,Health,Biotechnology,https://www.webio.tech/
309,Toia de Kiev,We offer a virtual store for the rental of high quality and variety garments.,https://res.cloudinary.com/sblink/w_64/r9ihv9gxnjo9oqa8o4qu,"Buenos Aires, Argentina",No information,Ecommerce & Retail,Retail,https://toiadekiev.com/
310,The Vint Store,"Our goal is to transform cleaning and hygiene habits, taking care of the Environment and Health. We offer an effective, natural and ecofriendly cleaning product.",https://res.cloudinary.com/sblink/w_64/rsuoq0qrr4lge4k1dr1k,"Buenos Aires, Argentina",No information,Energy & Environment,Cleantech,https://thevintstore.webs.com/
311,SILSKIN,We are producers of special effects and plastic artists with more than 10 years of experience and today we have within our reach the possibility of developing aesthetic prostheses that improve the quality of life of our clients.,https://res.cloudinary.com/sblink/w_64/vbzyu1th4wgibvzlvw4q,"Buenos Aires, Argentina",No information,Health,Health-Other,http://www.silskin.com.ar/
312,HEXAR,We offer a learning platform through the use of interactive video games. Our goal is to assist pedagogical organizations to maximize their educational potential.,https://res.cloudinary.com/sblink/w_64/rqgczdxxxerelwubvxdg,"Buenos Aires, Argentina",No information,Education,Edtech,https://www.hexar.org/
313,Octamer,"Octamer is a biotechnology services platform, dedicated to finding innovative solutions to the needs of agribusiness.",https://res.cloudinary.com/sblink/w_64/nykul9qntkaecqbtecca,"Buenos Aires, Argentina",No information,Foodtech,Agtech,https://octamer.com.ar/
314,AVaTAR,"Our first product, AVaTAR (Aortic Valve Trileaflet Autologous Reconstruction), is a device that builds and implants a new valve that does not require anticoagulation and does not stop the growth of the artery that contains it.",https://res.cloudinary.com/sblink/w_64/bt3xqyo0g5jzamlyzomu,"Buenos Aires, Argentina",No information,Health,Medtech,https://www.cardiocongenitas.com.ar/
315,Hybridon,"This company offers a coating that allows antimicrobial disinfection.It is a solution with nano-structured micro-particles adsorbed with silver and copper ions, which act as antimicrobial agents, adhering to the surface where they are applied.",https://res.cloudinary.com/sblink/w_64/aubhgkspjonuyzda1wiw,"Buenos Aires, Argentina",No information,Health,Health-Other,https://adox.com.ar/linea/hybridon-recubrimiento-antimicrobiano/
316,ZOOMAGRI,"Via Artificial Intelligence, Computer Vision and the Internet of Things, ZoomAgri provides quality assessment of agricultural commodities to all participants of the agri supply chain.",https://res.cloudinary.com/sblink/w_64/b1jomtegmiwgflrufc0y,"Buenos Aires, Argentina",No information,Foodtech,Agtech,https://www.zoomagri.com/
317,Glucopic,This application allows diabetic patients to know the glycemic index contained in food based on artificial intelligence and machine learning.,https://res.cloudinary.com/sblink/w_64/kydai6tdyuhfdhurqgzx,"Buenos Aires, Argentina",No information,Foodtech,Foodtech-Other,https://glucopic.com/
319,Limay,"At Limay we seek to improve the quality of life of patients with neurogenetic diseases through the commercialization of low-cost and easy-to-apply diagnostic tools. We use state-of-the-art nucleases and polymerase isothermal amplification
technologies.",https://res.cloudinary.com/sblink/w_64/guufry2glrgw0y62pqdm,"Buenos Aires, Argentina",No information,Health,Medtech,http://www.limay.bio
320,Lia Aerospace,We are making the small sat Launch Vehicle of the future. State of the art technology mixed with the right amount of creativity and smart choices make the best possible design to meet the expectations of the growing market of Launch Vehicles.,https://res.cloudinary.com/sblink/w_64/snrqeetjfmofbn42xv9x,"Buenos Aires, Argentina",No information,Transportation,Aerospace,https://lia-aerospace.com/
321,MOVE,"Move Technology offers the user the best tools to optimize and improve the performance of logistics processes, achieving a reduction of up to 30% in operating costs.",/template/v3/images/no_logo.png,"Buenos Aires, Argentina",No information,Transportation,Logistics,https://appmove.com.ar/
322,Maper,"The objective of this company is to provide an industrial process monitoring service, specially oriented to small and mediaum sized industries.By analyzing assets in real time, Maper generates reliable information, which facilitates decision-making and increases productivity.",/template/v3/images/no_logo.png,"Buenos Aires, Argentina",No information,Hardware & IoT,Hardware & IoT-Other,https://home.mapertech.com/
323,Henry,Henry trains software developers for free and helps them find a job in exchange for a share of their future income.,https://res.cloudinary.com/crunchbase-production/image/upload/tdgwdgx9n7ubjqkhr6ew,"Buenos Aires, Argentina",No information,Education,Edtech,https://www.soyhenry.com/
324,MoEngage,"MoEngage is a Mobile App Engagement &amp; Marketing Platform, which helps Companies understand their Mobile App users better and reach out with relevant content at the right time using the right medium.

Analytical tools like Flurry, Google Analytics are not user centric &ndash; for example they tell you that 25% of the users dropped off after two weeks but they don't tell you who those users are. This is where MoEngage comes in.

We build User profiles based on Behavior and Contextual information including location. We then segment the users into User-centric segments like Engaged users, High spenders, Lapsed users, etc. 

Our platform then allows the App Companies to reach out to their user segments via Push Notifications/In-App Messaging/Emails, driving Engagement &amp; Conversions.

MoEngage is a Mobile Marketing Automation by the team behind DelightCircle, which is a featured app on App Stores, having 200,000 Mobile Downloads. We have built MoEngage from our Experience scaling DelightCircle.",https://res.cloudinary.com/sblink/w_64/085a8386ec9c5f90b90009a4c054ad52,"San Francisco, United States",Just launched,Software and Data,Apps,http://www.moengage.com
325,Scribie,"Scribie is MTurk like system for audio transcription. It is an easy to use service where you can get your phone recordings, interviews, videos, podcasts, dictations and other spoken audio files transcribed to text. We follow an advanced process which guarantees 98% accuracy. We offer 12 hour, 1 day, 7 day and 30 day turnaround.",https://res.cloudinary.com/sblink/w_64/ace106f909380a6d893dffcd9560fe79,"San Francisco, United States",Idea/MVP/Beta,Software and Data,Software and Data-Other,http://scribie.com
326,NexHealth,"Connecting patients, doctors, and developers to accelerate healthcare innovation - NexHealth fully integrates with EHR systems to provide convenience and simplicity at each step of a patient's booking journey, and NexHealth practices see an average of 18 new patients per month.",https://res.cloudinary.com/crunchbase-production/image/upload/v1501687786/ed4xgqkb4t1qrqmlbjza.png,"San Francisco, United States",Idea/MVP/Beta,Health,Health-Other,https://nexhealth.com
327,Notch,"Notch.me is making health-tracking beautiful. We’re creating consumer software to help people visualize and engage with their health. We think that keeping ""healthy"" top of mind - in a fun, positive way - is an overlooked, but very important aspect of staying motivated and staying healthy.

Our mission is to create 1 positive health experience, once a day, for as many people as we can possibly reach.",https://res.cloudinary.com/sblink/w_64/5b2223193ed07415d37bf6e514d2d226,"San Francisco, United States",No information,Software and Data,Data Analytics,http://notch.me
328,Ark7,"Ark7 is a real estate investment platform where users can buy property shares at as low as $5 to earn passive monthly income and future appreciation. In the meantime, users don&rsquo;t have to worry about property management because Ark7 takes care of it.",https://res.cloudinary.com/sblink/w_64/eyrx4ifrbw4klbj38ebl,"San Francisco, United States",Idea/MVP/Beta,Fintech,Investment,https://www.ark7.com/
329,PeachPay,"PeachPay empowers creators and freelancers to convert their passion into income, 
and start accepting payment easily with a personally branded Pay Me page.",/template/v3/images/no_logo.png,"San Francisco, United States",Idea/MVP/Beta,Software and Data,Software,https://www.peachpay.me/
330,Z-Stream,"Z-Stream is a full-service workflow tool, which helps change the way organizations approach project management, teamwork, product development, and execution.",/template/v3/images/no_logo.png,"San Francisco, United States",Idea/MVP/Beta,Software and Data,SaaS,https://www.zstream.io
331,TruLocal,TruLocal is an e-commerce marketplace that provides a simple and efficient way to shop locally &mdash; online.,https://res.cloudinary.com/crunchbase-production/image/upload/omtbgxwnvwhgkha6ptvz,"San Francisco, United States",No information,Ecommerce & Retail,Consumer Goods,https://www.trulocal.com
332,Cerby,Cerby is a cybersecurity company focused on helping enterprises harness Shadow IT.,https://res.cloudinary.com/crunchbase-production/image/upload/infpfqltbysc9upqcyjm,"San Francisco, United States",No information,Software and Data,Cybersecurity,https://www.cerby.com/
334,Acquire App,Acquire App aims to provide online merchants of varying sizes with an elevated checkout solution.,https://res.cloudinary.com/crunchbase-production/image/upload/hdon2t2lkdpvowjsousx,"San Francisco, United States",No information,Ecommerce & Retail,Ecommerce,https://acquire.app
336,Workbase,Workbase is a data visualization and analytics tool for account/growth teams.,https://res.cloudinary.com/crunchbase-production/image/upload/xdwdnltoclon2xorjapv,"San Francisco, United States",No information,Software and Data,Data Analytics,https://www.getworkbase.io/
337,Jemi,Jemi is a platform meant to help content creators sell experiences and merch to their fans.,https://res.cloudinary.com/crunchbase-production/image/upload/jb2f4tcvfyawegmb0vp2,"San Francisco, United States",No information,Marketing & Sales,Content Marketing,https://jemi.app/
338,Kwali,Quality control automation for fast-food franchises,https://res.cloudinary.com/crunchbase-production/image/upload/u7aqjgetdih2wmgom5dy,"San Francisco, United States",No information,Software and Data,Artificial Intelligence,https://www.kwali.ai
339,Reploy,"Reploy is the easiest way to generate unique production-like environments for every feature, complete with a shareable link.",https://res.cloudinary.com/crunchbase-production/image/upload/e1uexcgitnhuzdsaaem8,"San Francisco, United States",No information,Software and Data,Web Development,https://getreploy.com/
340,Fieldguide,Fieldguide is modern collaboration and workflow software for audit and advisory firms.,https://res.cloudinary.com/crunchbase-production/image/upload/venowzvmo56miqddsuke,"San Francisco, United States",No information,Fintech,Accounting,https://www.fieldguide.io/
341,Mozart Data,"Mozart Data specializes in data stack, SaaS, data-visualization and engineering solutions for companies.",https://res.cloudinary.com/crunchbase-production/image/upload/cqraaxhhitmmusd701pk,"San Francisco, United States",No information,Software and Data,Data Analytics,https://www.mozartdata.com/
342,Gossip,Create and share short voice stories!,https://res.cloudinary.com/crunchbase-production/image/upload/yzcstidzif5pgpct0l6o,"San Francisco, United States",No information,Software and Data,Enterprise Technology,https://thegossip.app/
343,hiyoume,Mobile App,https://res.cloudinary.com/crunchbase-production/image/upload/xmu6eqnsimsxoplbx1b4,"San Francisco, United States",No information,Software and Data,Enterprise Technology,http://hiyou.me
346,Oliver Charles,We are creating a sweater. A single item for all of life that looks as good as it feels and will last for years to come.,https://res.cloudinary.com/crunchbase-production/image/upload/a0qqkkmltdrrnthc3sti,"San Francisco, United States",No information,Ecommerce & Retail,Ecommerce,https://www.oliver-charles.com/
347,Ananda Networks,Ananda Networks is a cloud-managed service that enables organizations to create their own private networks.,https://res.cloudinary.com/crunchbase-production/image/upload/rvbopwfz1crft83yux3u,"San Francisco, United States",No information,Software and Data,Enterprise Technology,https://www.ananda.net/
348,Atomic,Atomic is a personalized investment management service API that lets companies offer their end-users a disciplined way to invest with them.,https://res.cloudinary.com/crunchbase-production/image/upload/uy4zafisubhnsaedsvc9,"San Francisco, United States",No information,Marketing & Sales,CRM,https://www.atomicinvest.co/
351,Ziina,Ziina is bringing the next generation of financial services to the Middle East. Ziina is the UAE&rsquo;s first peer-to-peer payment app.,https://res.cloudinary.com/crunchbase-production/image/upload/ohc1wsvn8uyyrlke8rqj,"Dubai, United Arab Emirates",No information,Fintech,Financial Services,https://www.ziina.com/
352,iKcon,"iKcon is a tech-enabled cloud kitchen operator that procures, cooks, and delivers food on behalf of restaurants and brand owners.",https://res.cloudinary.com/crunchbase-production/image/upload/ljsqlpgspy1pcq0q90wl,"Dubai, United Arab Emirates",No information,Foodtech,Food and Beverage,https://www.ikcon.com/
353,Distichain,Distichain  is a SaaS trade engine delivering B2B marketplaces powered by Blockchain and AI.,https://res.cloudinary.com/crunchbase-production/image/upload/w0oa5kjssibxupbypq15,"Dubai, United Arab Emirates",No information,Software and Data,Artificial Intelligence,http://distichain.com/
354,RIZEK,RIZEK is a tech-startup aimed at creating more jobs across the MENA region.,https://res.cloudinary.com/crunchbase-production/image/upload/sorskwqb4tgtkpp06tcf,"Dubai, United Arab Emirates",No information,Software and Data,Enterprise Technology,https://www.rizek.com/
355,Hopi Dubai,"Hopi is a brand new, monthly contact lens subscription service.",https://res.cloudinary.com/crunchbase-production/image/upload/aegolbgee94unbc7xiy2,"Dubai, United Arab Emirates",No information,Ecommerce & Retail,Ecommerce,https://behopi.com/
357,Jump Advisor,Jump Advisor is an online booking platform targeting adventure tourists in the UAE.,https://res.cloudinary.com/crunchbase-production/image/upload/z8xs2kbvnmfvot5uslzs,"Dubai, United Arab Emirates",No information,Software and Data,SaaS,https://jumpadvisor.com/
358,Nomad Homes,Nomad Homes is digital platform that uses technology to help people in Europe and the Middle East to buy and finance homes.,https://res.cloudinary.com/crunchbase-production/image/upload/tqgxglpjv54itmcqsfxz,"Dubai, United Arab Emirates",No information,Ecommerce & Retail,Marketplaces,https://nomadhomes.co/
359,Simply New Cars,"Complete info on every new car in the UAE, leading digital transformation &amp; providing the highest quality leads in the auto industry",https://res.cloudinary.com/crunchbase-production/image/upload/gyj09hwjek2rwwicn6ws,"Dubai, United Arab Emirates",No information,Transportation,Automotive,https://www.simplynewcars.com
360,activity.me,"A mass participation sports event marketplace helping participants discover, sign up to and take part in sporting events worldwide",https://res.cloudinary.com/crunchbase-production/image/upload/o6ph97jflurieetvzzj8,"Dubai, United Arab Emirates",No information,Marketing & Sales,Events,https://www.activity.me
361,Bankiom,Bankiom is a digital bank for millennials and mobile natives.,https://res.cloudinary.com/crunchbase-production/image/upload/71242ce6f13c1fde5671,"Dubai, United Arab Emirates",No information,Fintech,Online Banking,https://www.bankiom.com/
362,Starzly,A unique and personalized experience From your favorite celebrity.,https://res.cloudinary.com/crunchbase-production/image/upload/azmmnr3tpzs32pmvohno,"Dubai, United Arab Emirates",No information,Social & Leisure,Entertainment,https://starzly.io/
363,Eddy,Eddy is a personalized guidance App that help high school students discover themselves and align them with the right career path.,https://res.cloudinary.com/crunchbase-production/image/upload/lnzhknf5alppsv2uwevk,"Dubai, United Arab Emirates",No information,Education,Education-Other,https://www.geteddy.app
364,Splintr,"Splintr is the first Buy Now Pay Later company in the GCC region, offering customers multiple payment options at the point of checkout.",https://res.cloudinary.com/crunchbase-production/image/upload/imwtnqcvfgb2i2gbp7q7,"Dubai, United Arab Emirates",No information,Fintech,Online Banking,https://splintr.xyz/
365,Coded Minds,Coded Minds is a Dubai-based education technology firm.,https://res.cloudinary.com/crunchbase-production/image/upload/rqyslhsenozkqa8vmpwu,"Dubai, United Arab Emirates",No information,Education,Education-Other,http://coded-minds.org/
366,Shiftling Holding,Shiftling Holding is a staffing and recruiting company that provides staffing solutions to companies.,https://res.cloudinary.com/crunchbase-production/image/upload/vzgnhmh0naredlykb1ax,"Dubai, United Arab Emirates",No information,Software and Data,Software,http://www.shiftling.com
367,Seafood Souq,Digitizing the Seafood Industry with total supply chain traceability,https://res.cloudinary.com/crunchbase-production/image/upload/quaezrllrrhkt58ls1pg,"Dubai, United Arab Emirates",No information,Fintech,Blockchain,http://www.seafoodsouq.com
368,PowerErn,Financing Solar Energy Solutions for High-Impact Communities via blockchain-based Micro-Investing Ecosystem,https://res.cloudinary.com/crunchbase-production/image/upload/mspl5ejogbb3283epjr6,"Dubai, United Arab Emirates",No information,Fintech,Blockchain,https://www.powerern.com
369,YACOB,"YACOB is a nutrition management platform that facilitates communication between children, parents, schools &amp; food vendors.",https://res.cloudinary.com/crunchbase-production/image/upload/ivh5kbozltofuplahd21,"Dubai, United Arab Emirates",No information,Education,Education-Other,https://www.yacob.com
370,ZON,ZON is a decentralized mobile-only e-commerce network.,https://res.cloudinary.com/crunchbase-production/image/upload/fuqesxlur2c5cawue9oj,"Dubai, United Arab Emirates",No information,Ecommerce & Retail,Ecommerce,https://zon.ae/
371,Emirates HR,Emirates HR is an intuitive HR software solution specifically designed for the UAE and wider GCC region,https://res.cloudinary.com/crunchbase-production/image/upload/imgqh6q2uqpt1saeyv3y,"Dubai, United Arab Emirates",No information,Software and Data,Enterprise Technology,http://www.emirateshr.com
372,Garaji,Garaji is an online auto marketplace that connects car owners with workshops for routine maintenance and repairs.,https://res.cloudinary.com/crunchbase-production/image/upload/kxkmmmp8qsyfvcife5ul,"Dubai, United Arab Emirates",No information,Ecommerce & Retail,Marketplaces,https://www.garaji.com/
373,InstaVal,Digital Investment Banking Platform made to promote equity investments in startups and scaleups.,https://res.cloudinary.com/crunchbase-production/image/upload/yqrxw5om8vg4o03yankd,"Dubai, United Arab Emirates",No information,Fintech,Fintech-Other,https://www.instaval.co
